# Baresquare Redirects
# Generated: 2025-12-09
# 67 blog posts → 13 KB articles in /learn/

# =============================================================================
# CONTACT & DEMO
# =============================================================================
/demo /contact 301
/contact /contact 200

# =============================================================================
# AI CATEGORY REDIRECTS (blog → /learn/ai/)
# =============================================================================
# AI Implementation Guide
/blog/keep-your-data-local-using-ollama-and-anythingllm-for-private-ai-interactions /learn/ai/ai-implementation-guide 301
/blog/enhancing-privacy-in-ai-protecting-user-data-in-chatgpt /learn/ai/ai-implementation-guide 301
/blog/gpts-one-step-closer-to-wider-ai-utilization /learn/ai/ai-implementation-guide 301

# AI Prompting Techniques
/blog/how-to-create-images-with-chatgpt /learn/ai/ai-prompting-techniques 301
/blog/how-to-prepare-for-a-job-interview-with-ai /learn/ai/ai-prompting-techniques 301
/blog/master-business-english-with-the-help-of-ai /learn/ai/ai-prompting-techniques 301
/blog/ai-and-content-optimization-revolutionizing-ad-copy /learn/ai/ai-prompting-techniques 301

# Building AI Applications
/blog/use-openai-chatgpt-with-python /learn/ai/building-ai-applications 301
/blog/guide-for-fine-tuning-a-gpt-3-model-for-analytics /learn/ai/building-ai-applications 301
/blog/openapi-specification /learn/ai/building-ai-applications 301
/blog/introducing-ecom-product-analyst-custom-gpt /learn/ai/building-ai-applications 301
/blog/revolutionize-analytics-ai-guide-building-digital-assistant-openai-api /learn/ai/building-ai-applications 301
/blog/supercharge-tagging-productivity-chatgpt /learn/ai/building-ai-applications 301
/blog/power-and-pitfalls-of-gen-ai-assistants-in-coding /learn/ai/building-ai-applications 301

# AI Analytics Marketing
/blog/digital-analytics-in-the-age-of-ai /learn/ai/ai-analytics-marketing 301
/blog/spot-broken-digital-campaigns-tracking-with-google-and-adobe-analytics /learn/ai/ai-analytics-marketing 301
/blog/unleashing-the-power-of-baresquare-campaign-diagnostics-for-optimal-marketing-success /learn/ai/ai-analytics-marketing 301
/blog/the-power-of-ai-in-personalized-marketing /learn/ai/ai-analytics-marketing 301
/blog/404-error-hound-hunting-down-fixing-website-errors-with-ai-power /learn/ai/ai-analytics-marketing 301
/blog/fix-the-html-errors-of-your-website-it-matters /learn/ai/ai-analytics-marketing 301
/blog/query-function-google-sheets-streamline-data-analysis /learn/ai/ai-analytics-marketing 301
/blog/using-claude-ai-to-build-online-game-digital-analytics /learn/ai/ai-analytics-marketing 301

# AI Ethics Future
/blog/ethics-in-ai /learn/ai/ai-ethics-future 301
/blog/unlocking-the-black-box-the-power-of-explainable-ai-for-transparent-ai-systems /learn/ai/ai-ethics-future 301
/blog/importance-of-human-expertise-in-ai /learn/ai/ai-ethics-future 301
/blog/tedx-talk-how-to-avoid-the-rise-of-inequality-in-our-ai-future /learn/ai/ai-ethics-future 301

# AI category index (generic AI posts)
/blog/openai-assistants-vs-custom-gpts /learn/ai 301
/blog/ai-prompting /learn/ai 301

# =============================================================================
# DATA CATEGORY REDIRECTS (blog → /learn/data/)
# =============================================================================
# Google Analytics Mastery
/blog/ga4-bigquery-integration-for-unsampled-data-and-deeper-insights /learn/data/google-analytics-mastery 301
/blog/boost-google-analytics-baresquare /learn/data/google-analytics-mastery 301
/blog/announcing-ga4-migration-gap-hunter-app /learn/data/google-analytics-mastery 301
/blog/google-analytics-ga4-ua-discrepancies /learn/data/google-analytics-mastery 301
/blog/google-analytics-alerts-and-baresquare /learn/data/google-analytics-mastery 301

# Adobe Analytics Guide
/blog/common-mistakes-in-adobe-analysis-workspace /learn/data/adobe-analytics-guide 301
/blog/the-ultimate-metric-for-bot-traffic-detection /learn/data/adobe-analytics-guide 301
/blog/ultimate-guide-how-to-spot-bot-traffic /learn/data/adobe-analytics-guide 301
/blog/decoding-time-series-an-in-depth-look-at-definitions-types-and-challenges /learn/data/adobe-analytics-guide 301

# Data Visualization Reporting
/blog/effective-data-storytelling-unleashing-insights-for-informed-decision-making /learn/data/data-visualization-reporting 301
/blog/google-looker-studio-best-practices-for-reports /learn/data/data-visualization-reporting 301
/blog/power-of-looker-studio-why-you-need-to-make-the-switch-from-excel /learn/data/data-visualization-reporting 301
/blog/the-problem-with-dashboards /learn/data/data-visualization-reporting 301

# Analytics Team Success
/blog/a-tale-of-2-digital-analysts /learn/data/analytics-team-success 301
/blog/work-life-balance-tips-for-data-analysts /learn/data/analytics-team-success 301
/blog/effective-communication-in-web-analytics-projects /learn/data/analytics-team-success 301
/blog/one-team-one-vision-how-effective-communication-can-eliminate-organizational-silos /learn/data/analytics-team-success 301
/blog/create-jira-issues-for-new-baresquare-tickets /learn/data/analytics-team-success 301
/blog/introducing-new-zapier-actions-for-effortless-ticket-management /learn/data/analytics-team-success 301
/blog/introducing-our-new-feature-share-a-baresquare-ticket-on-slack /learn/data/analytics-team-success 301
/blog/automate-actions-using-zapier /learn/data/analytics-team-success 301
/blog/optimize-slack-efficiency-essential-apps /learn/data/analytics-team-success 301

# Monitoring Anomaly Detection
/blog/alerts-monitoring-a-quick-case-study /learn/data/monitoring-anomaly-detection 301
/blog/introducing-visual-description-feature /learn/data/monitoring-anomaly-detection 301
/blog/baresquare-auth0-secure-easy-user-authentication /learn/data/monitoring-anomaly-detection 301
/blog/dive-deeper-with-a-follow-up-analysis /learn/data/monitoring-anomaly-detection 301

# Data category index (generic data posts)
/blog/real-time-personalization-adobe-target-guide /learn/data 301

# =============================================================================
# SEARCH CATEGORY REDIRECTS (blog → /learn/search/)
# =============================================================================
/blog/a-beginners-guide-to-web-crawlers-and-scrapers /learn/search/web-scraping-seo-crawling 301
/blog/build-a-custom-seo-crawler-with-advertools /learn/search/web-scraping-seo-crawling 301

# =============================================================================
# REVENUE CATEGORY REDIRECTS (blog → /learn/revenue/)
# =============================================================================
# Ecommerce Analytics
/blog/mastering-merchandising-evars-analytics-guide /learn/revenue/ecommerce-analytics 301
/blog/ga4-ecommerce-best-practices-2024 /learn/revenue/ecommerce-analytics 301
/blog/best-practices-on-digital-marketing-and-analytics-integration /learn/revenue/ecommerce-analytics 301

# Merchandising Insights
/blog/merchandising-wiz-bites-7-home-furnishing-trends-spring-2025 /learn/revenue/merchandising-insights 301
/blog/merchandising-wiz-bites-6-premium-athleisure-marketing-2025-reality-analysis /learn/revenue/merchandising-insights 301
/blog/merchandising-wiz-bites-retailers-smart-split-clearing-winter-while-promoting-spring /learn/revenue/merchandising-insights 301
/blog/merchandising-wiz-bites-4-athleisure-brand-predictions /learn/revenue/merchandising-insights 301
/blog/merchandising-wiz-bites-3-unwinding-the-holiday-strategies-of-timepiece-giants /learn/revenue/merchandising-insights 301
/blog/merchandising-wiz-bites-2-apparel-and-pop-culture-leaders-stitched-up-2024 /learn/revenue/merchandising-insights 301
/blog/marketing-wiz-bites-01-black-friday-and-the-holiday-sprint /learn/revenue/merchandising-insights 301

# =============================================================================
# CASE STUDY REDIRECTS
# =============================================================================
/customer-stories/how-sony-overcame-campaign-challenges-with-baresquare /work/sony 301
/customer-stories /work/sony 301
/customer-stories/* /work/sony 301

# =============================================================================
# LEGACY SERVICE REDIRECTS
# =============================================================================
/solutions/analytics-leaders /services/data-operations 301
/solutions/performance-marketers /services/ai-search-marketing 301
/solutions/revenue-leaders /services/revenue-performance 301
/solutions/product-owners /services/data-operations 301
/apps/ga4-migration-gap-hunter /services/data-operations 301

# =============================================================================
# PLATFORM & LEGACY REDIRECTS
# =============================================================================
/old-platform / 301
/platform / 301
/old-home / 301
/career / 301
/pricing / 301
/hire-tywin / 301
/apps / 301
/apps/customer-acquisition-basic / 301
/apps/customer-acquisition-business / 301
/apps/404-error-hound / 301

# =============================================================================
# LEGAL REDIRECTS
# =============================================================================
/privacy-policy / 301
/terms-of-service / 301
/cookie-policy / 301

# =============================================================================
# BLOG CATCHALL (remaining blog posts → learn hub)
# =============================================================================
/blog/* /learn 301
